room_id,user_id,session_id,pos_x,pos_y,width,height,explored,has_monster,has_chest,has_trap,has_shop,discovered_at,metadata
room_1,6617937376,6617937376_20260127210802,0,0,3,3,True,False,True,False,False,2026-01-27T21:08:02.266765,"{""dice_roll"": [3, 3, 4], ""doors_count"": 4, ""is_dragon_room"": false, ""level"": 2}"
room_1,6617937376,6617937376_20260127210802,0,0,3,3,True,False,True,False,False,2026-01-27T21:35:05.576413,"{""dice_roll"": [3, 3, 4], ""doors_count"": 4, ""is_dragon_room"": false, ""level"": 2}"
room_1,6617937376,6617937376_20260127210802,0,0,3,3,True,False,True,False,False,2026-01-27T21:35:07.591257,"{""dice_roll"": [3, 3, 4], ""doors_count"": 4, ""is_dragon_room"": false, ""level"": 2}"
room_2,6617937376,6617937376_20260127210802,-2,6,6,2,True,True,True,False,False,2026-01-27T21:35:07.592261,"{""dice_roll"": [6, 2, 1], ""doors_count"": 1, ""is_dragon_room"": false, ""level"": 3}"
room_1,6617937376,6617937376_20260127210802,0,0,3,3,True,False,True,False,False,2026-01-27T21:49:55.501859,"{""dice_roll"": [3, 3, 4], ""doors_count"": 4, ""is_dragon_room"": false, ""level"": 2}"
room_1,6617937376,6617937376_20260127210802,0,0,3,3,True,False,False,False,False,2026-01-27T21:49:57.529328,"{""dice_roll"": [3, 3, 4], ""doors_count"": 4, ""is_dragon_room"": false, ""level"": 2}"
room_1,6617937376,6617937376_20260127210802,0,0,3,3,True,False,False,False,False,2026-01-27T21:50:03.481553,"{""dice_roll"": [3, 3, 4], ""doors_count"": 4, ""is_dragon_room"": false, ""level"": 2}"
room_2,6617937376,6617937376_20260127210802,-1,-9,4,6,True,False,False,False,False,2026-01-27T21:50:03.481553,"{""dice_roll"": [4, 6, 4], ""doors_count"": 4, ""is_dragon_room"": false, ""level"": 3}"
room_1,6617937376,6617937376_20260127210802,0,0,3,3,True,False,False,False,False,2026-01-27T21:50:05.771843,"{""dice_roll"": [3, 3, 4], ""doors_count"": 4, ""is_dragon_room"": false, ""level"": 2}"
room_2,6617937376,6617937376_20260127210802,-1,-9,4,6,True,False,False,False,False,2026-01-27T21:50:05.771843,"{""dice_roll"": [4, 6, 4], ""doors_count"": 4, ""is_dragon_room"": false, ""level"": 3}"
room_1,6617937376,6617937376_20260127210802,0,0,3,3,True,False,False,False,False,2026-01-27T21:50:07.528347,"{""dice_roll"": [3, 3, 4], ""doors_count"": 4, ""is_dragon_room"": false, ""level"": 2}"
room_2,6617937376,6617937376_20260127210802,-1,-9,4,6,True,False,False,False,False,2026-01-27T21:50:07.529346,"{""dice_roll"": [4, 6, 4], ""doors_count"": 4, ""is_dragon_room"": false, ""level"": 3}"
room_3,6617937376,6617937376_20260127210802,-1,-16,5,4,True,True,False,False,True,2026-01-27T21:50:07.529346,"{""dice_roll"": [5, 4, 3], ""doors_count"": 3, ""is_dragon_room"": false, ""level"": 3}"
room_1,6617937376,6617937376_20260127210802,0,0,3,3,True,False,True,False,False,2026-01-27T22:00:04.279506,"{""dice_roll"": [3, 3, 4], ""doors_count"": 4, ""is_dragon_room"": false, ""level"": 2}"
room_1,6617937376,6617937376_20260127210802,0,0,3,3,True,False,False,False,False,2026-01-27T22:00:06.284991,"{""dice_roll"": [3, 3, 4], ""doors_count"": 4, ""is_dragon_room"": false, ""level"": 2}"
room_1,6617937376,6617937376_20260127210802,0,0,3,3,True,False,False,False,False,2026-01-27T22:00:09.887318,"{""dice_roll"": [3, 3, 4], ""doors_count"": 4, ""is_dragon_room"": false, ""level"": 2}"
room_2,6617937376,6617937376_20260127210802,-1,-6,4,3,True,True,False,True,False,2026-01-27T22:00:09.887318,"{""dice_roll"": [4, 3, 3], ""doors_count"": 3, ""is_dragon_room"": false, ""level"": 2}"
room_1,6617937376,6617937376_20260127210802,0,0,3,3,True,False,True,False,False,2026-01-27T22:55:00.836437,"{""dice_roll"": [3, 3, 4], ""doors_count"": 4, ""is_dragon_room"": false, ""level"": 2}"
room_1,6617937376,6617937376_20260127210802,0,0,3,3,True,False,False,False,False,2026-01-27T22:55:02.534413,"{""dice_roll"": [3, 3, 4], ""doors_count"": 4, ""is_dragon_room"": false, ""level"": 2}"
room_1,6617937376,6617937376_20260127210802,0,0,3,3,True,False,False,False,False,2026-01-27T22:55:06.093039,"{""dice_roll"": [3, 3, 4], ""doors_count"": 4, ""is_dragon_room"": false, ""level"": 2}"
room_2,6617937376,6617937376_20260127210802,-2,-8,6,5,True,False,False,False,False,2026-01-27T22:55:06.093039,"{""dice_roll"": [6, 5, 4], ""doors_count"": 4, ""is_dragon_room"": false, ""level"": 3}"
room_1,6617937376,6617937376_20260127210802,0,0,3,3,True,False,False,False,False,2026-01-27T22:55:09.103245,"{""dice_roll"": [3, 3, 4], ""doors_count"": 4, ""is_dragon_room"": false, ""level"": 2}"
room_2,6617937376,6617937376_20260127210802,-2,-8,6,5,True,False,False,False,False,2026-01-27T22:55:09.109070,"{""dice_roll"": [6, 5, 4], ""doors_count"": 4, ""is_dragon_room"": false, ""level"": 3}"
room_1,6617937376,6617937376_20260127210802,0,0,3,3,True,False,False,False,False,2026-01-27T22:55:10.651237,"{""dice_roll"": [3, 3, 4], ""doors_count"": 4, ""is_dragon_room"": false, ""level"": 2}"
room_2,6617937376,6617937376_20260127210802,-2,-8,6,5,True,False,False,False,False,2026-01-27T22:55:10.651237,"{""dice_roll"": [6, 5, 4], ""doors_count"": 4, ""is_dragon_room"": false, ""level"": 3}"
room_1,6617937376,6617937376_20260127210802,0,0,3,3,True,False,False,False,False,2026-01-27T22:55:11.951092,"{""dice_roll"": [3, 3, 4], ""doors_count"": 4, ""is_dragon_room"": false, ""level"": 2}"
room_2,6617937376,6617937376_20260127210802,-2,-8,6,5,True,False,False,False,False,2026-01-27T22:55:11.951092,"{""dice_roll"": [6, 5, 4], ""doors_count"": 4, ""is_dragon_room"": false, ""level"": 3}"
room_3,6617937376,6617937376_20260127210802,7,-9,6,5,True,True,False,True,False,2026-01-27T22:55:11.951092,"{""dice_roll"": [6, 5, 2], ""doors_count"": 2, ""is_dragon_room"": false, ""level"": 3}"
room_1,6617937376,6617937376_20260127210802,0,0,3,3,True,False,False,False,False,2026-01-27T22:55:15.176137,"{""dice_roll"": [3, 3, 4], ""doors_count"": 4, ""is_dragon_room"": false, ""level"": 2}"
room_2,6617937376,6617937376_20260127210802,-2,-8,6,5,True,False,False,False,False,2026-01-27T22:55:15.176137,"{""dice_roll"": [6, 5, 4], ""doors_count"": 4, ""is_dragon_room"": false, ""level"": 3}"
room_3,6617937376,6617937376_20260127210802,7,-9,6,5,True,True,False,True,False,2026-01-27T22:55:15.176137,"{""dice_roll"": [6, 5, 2], ""doors_count"": 2, ""is_dragon_room"": false, ""level"": 3}"
room_1,6617937376,6617937376_20260127210802,0,0,3,3,True,False,False,False,False,2026-01-27T22:55:16.685451,"{""dice_roll"": [3, 3, 4], ""doors_count"": 4, ""is_dragon_room"": false, ""level"": 2}"
room_2,6617937376,6617937376_20260127210802,-2,-8,6,5,True,False,False,False,False,2026-01-27T22:55:16.685451,"{""dice_roll"": [6, 5, 4], ""doors_count"": 4, ""is_dragon_room"": false, ""level"": 3}"
room_3,6617937376,6617937376_20260127210802,7,-9,6,5,True,True,False,True,False,2026-01-27T22:55:16.685451,"{""dice_roll"": [6, 5, 2], ""doors_count"": 2, ""is_dragon_room"": false, ""level"": 3}"
room_1,6617937376,6617937376_20260127210802,0,0,3,3,True,False,False,False,False,2026-01-27T22:55:23.442799,"{""dice_roll"": [3, 3, 4], ""doors_count"": 4, ""is_dragon_room"": false, ""level"": 2}"
room_2,6617937376,6617937376_20260127210802,-2,-8,6,5,True,False,False,False,False,2026-01-27T22:55:23.444808,"{""dice_roll"": [6, 5, 4], ""doors_count"": 4, ""is_dragon_room"": false, ""level"": 3}"
room_3,6617937376,6617937376_20260127210802,7,-9,6,5,True,True,False,True,False,2026-01-27T22:55:23.444808,"{""dice_roll"": [6, 5, 2], ""doors_count"": 2, ""is_dragon_room"": false, ""level"": 3}"
room_1,6617937376,6617937376_20260127210802,0,0,3,3,True,False,False,False,False,2026-01-27T22:55:24.440868,"{""dice_roll"": [3, 3, 4], ""doors_count"": 4, ""is_dragon_room"": false, ""level"": 2}"
room_2,6617937376,6617937376_20260127210802,-2,-8,6,5,True,False,False,False,False,2026-01-27T22:55:24.440868,"{""dice_roll"": [6, 5, 4], ""doors_count"": 4, ""is_dragon_room"": false, ""level"": 3}"
room_3,6617937376,6617937376_20260127210802,7,-9,6,5,True,True,False,True,False,2026-01-27T22:55:24.440868,"{""dice_roll"": [6, 5, 2], ""doors_count"": 2, ""is_dragon_room"": false, ""level"": 3}"
room_1,6617937376,6617937376_20260127210802,0,0,3,3,True,False,False,False,False,2026-01-27T22:55:25.342274,"{""dice_roll"": [3, 3, 4], ""doors_count"": 4, ""is_dragon_room"": false, ""level"": 2}"
room_2,6617937376,6617937376_20260127210802,-2,-8,6,5,True,False,False,False,False,2026-01-27T22:55:25.342736,"{""dice_roll"": [6, 5, 4], ""doors_count"": 4, ""is_dragon_room"": false, ""level"": 3}"
room_3,6617937376,6617937376_20260127210802,7,-9,6,5,True,False,False,True,False,2026-01-27T22:55:25.344751,"{""dice_roll"": [6, 5, 2], ""doors_count"": 2, ""is_dragon_room"": false, ""level"": 3}"
room_1,6617937376,6617937376_20260127210802,0,0,3,3,True,False,False,False,False,2026-01-27T22:55:44.501131,"{""dice_roll"": [3, 3, 4], ""doors_count"": 4, ""is_dragon_room"": false, ""level"": 2}"
room_2,6617937376,6617937376_20260127210802,-2,-8,6,5,True,False,False,False,False,2026-01-27T22:55:44.501131,"{""dice_roll"": [6, 5, 4], ""doors_count"": 4, ""is_dragon_room"": false, ""level"": 3}"
room_3,6617937376,6617937376_20260127210802,7,-9,6,5,True,False,False,True,False,2026-01-27T22:55:44.501131,"{""dice_roll"": [6, 5, 2], ""doors_count"": 2, ""is_dragon_room"": false, ""level"": 3}"
room_1,6617937376,6617937376_20260127210802,0,0,3,3,True,False,False,False,False,2026-01-27T22:55:45.817774,"{""dice_roll"": [3, 3, 4], ""doors_count"": 4, ""is_dragon_room"": false, ""level"": 2}"
room_2,6617937376,6617937376_20260127210802,-2,-8,6,5,True,False,False,False,False,2026-01-27T22:55:45.817774,"{""dice_roll"": [6, 5, 4], ""doors_count"": 4, ""is_dragon_room"": false, ""level"": 3}"
room_3,6617937376,6617937376_20260127210802,7,-9,6,5,True,False,False,True,False,2026-01-27T22:55:45.817774,"{""dice_roll"": [6, 5, 2], ""doors_count"": 2, ""is_dragon_room"": false, ""level"": 3}"
room_1,6617937376,6617937376_20260127210802,0,0,3,3,True,False,False,False,False,2026-01-27T22:55:47.751160,"{""dice_roll"": [3, 3, 4], ""doors_count"": 4, ""is_dragon_room"": false, ""level"": 2}"
room_2,6617937376,6617937376_20260127210802,-2,-8,6,5,True,False,False,False,False,2026-01-27T22:55:47.751160,"{""dice_roll"": [6, 5, 4], ""doors_count"": 4, ""is_dragon_room"": false, ""level"": 3}"
room_3,6617937376,6617937376_20260127210802,7,-9,6,5,True,False,False,True,False,2026-01-27T22:55:47.752436,"{""dice_roll"": [6, 5, 2], ""doors_count"": 2, ""is_dragon_room"": false, ""level"": 3}"
room_1,6617937376,6617937376_20260127210802,0,0,3,3,True,False,False,False,False,2026-01-27T22:55:49.851228,"{""dice_roll"": [3, 3, 4], ""doors_count"": 4, ""is_dragon_room"": false, ""level"": 2}"
room_2,6617937376,6617937376_20260127210802,-2,-8,6,5,True,False,False,False,False,2026-01-27T22:55:49.859491,"{""dice_roll"": [6, 5, 4], ""doors_count"": 4, ""is_dragon_room"": false, ""level"": 3}"
room_3,6617937376,6617937376_20260127210802,7,-9,6,5,True,False,False,True,False,2026-01-27T22:55:49.859491,"{""dice_roll"": [6, 5, 2], ""doors_count"": 2, ""is_dragon_room"": false, ""level"": 3}"
room_1,6617937376,6617937376_20260127210802,0,0,3,3,True,False,False,False,False,2026-01-27T22:55:51.217616,"{""dice_roll"": [3, 3, 4], ""doors_count"": 4, ""is_dragon_room"": false, ""level"": 2}"
room_2,6617937376,6617937376_20260127210802,-2,-8,6,5,True,False,False,False,False,2026-01-27T22:55:51.217616,"{""dice_roll"": [6, 5, 4], ""doors_count"": 4, ""is_dragon_room"": false, ""level"": 3}"
room_3,6617937376,6617937376_20260127210802,7,-9,6,5,True,False,False,True,False,2026-01-27T22:55:51.226077,"{""dice_roll"": [6, 5, 2], ""doors_count"": 2, ""is_dragon_room"": false, ""level"": 3}"
room_1,6617937376,6617937376_20260127210802,0,0,3,3,True,False,False,False,False,2026-01-27T22:55:52.617797,"{""dice_roll"": [3, 3, 4], ""doors_count"": 4, ""is_dragon_room"": false, ""level"": 2}"
room_2,6617937376,6617937376_20260127210802,-2,-8,6,5,True,False,False,False,False,2026-01-27T22:55:52.617797,"{""dice_roll"": [6, 5, 4], ""doors_count"": 4, ""is_dragon_room"": false, ""level"": 3}"
room_3,6617937376,6617937376_20260127210802,7,-9,6,5,True,False,False,True,False,2026-01-27T22:55:52.617797,"{""dice_roll"": [6, 5, 2], ""doors_count"": 2, ""is_dragon_room"": false, ""level"": 3}"
room_4,6617937376,6617937376_20260127210802,16,-8,4,4,True,False,True,True,False,2026-01-27T22:55:52.617797,"{""dice_roll"": [4, 4, 4], ""doors_count"": 4, ""is_dragon_room"": false, ""level"": 2}"
room_1,6617937376,6617937376_20260127210802,0,0,3,3,True,False,False,False,False,2026-01-27T22:56:00.686410,"{""dice_roll"": [3, 3, 4], ""doors_count"": 4, ""is_dragon_room"": false, ""level"": 2}"
room_2,6617937376,6617937376_20260127210802,-2,-8,6,5,True,False,False,False,False,2026-01-27T22:56:00.692310,"{""dice_roll"": [6, 5, 4], ""doors_count"": 4, ""is_dragon_room"": false, ""level"": 3}"
room_3,6617937376,6617937376_20260127210802,7,-9,6,5,True,False,False,True,False,2026-01-27T22:56:00.692742,"{""dice_roll"": [6, 5, 2], ""doors_count"": 2, ""is_dragon_room"": false, ""level"": 3}"
room_4,6617937376,6617937376_20260127210802,16,-8,4,4,True,False,True,True,False,2026-01-27T22:56:00.692742,"{""dice_roll"": [4, 4, 4], ""doors_count"": 4, ""is_dragon_room"": false, ""level"": 2}"
room_1,6617937376,6617937376_20260127210802,0,0,3,3,True,False,False,False,False,2026-01-27T22:56:02.242747,"{""dice_roll"": [3, 3, 4], ""doors_count"": 4, ""is_dragon_room"": false, ""level"": 2}"
room_2,6617937376,6617937376_20260127210802,-2,-8,6,5,True,False,False,False,False,2026-01-27T22:56:02.244755,"{""dice_roll"": [6, 5, 4], ""doors_count"": 4, ""is_dragon_room"": false, ""level"": 3}"
room_3,6617937376,6617937376_20260127210802,7,-9,6,5,True,False,False,True,False,2026-01-27T22:56:02.244755,"{""dice_roll"": [6, 5, 2], ""doors_count"": 2, ""is_dragon_room"": false, ""level"": 3}"
room_4,6617937376,6617937376_20260127210802,16,-8,4,4,True,False,True,True,False,2026-01-27T22:56:02.244755,"{""dice_roll"": [4, 4, 4], ""doors_count"": 4, ""is_dragon_room"": false, ""level"": 2}"
room_1,6617937376,6617937376_20260127210802,0,0,3,3,True,False,False,False,False,2026-01-27T22:56:03.467086,"{""dice_roll"": [3, 3, 4], ""doors_count"": 4, ""is_dragon_room"": false, ""level"": 2}"
room_2,6617937376,6617937376_20260127210802,-2,-8,6,5,True,False,False,False,False,2026-01-27T22:56:03.467801,"{""dice_roll"": [6, 5, 4], ""doors_count"": 4, ""is_dragon_room"": false, ""level"": 3}"
room_3,6617937376,6617937376_20260127210802,7,-9,6,5,True,False,False,True,False,2026-01-27T22:56:03.467801,"{""dice_roll"": [6, 5, 2], ""doors_count"": 2, ""is_dragon_room"": false, ""level"": 3}"
room_4,6617937376,6617937376_20260127210802,16,-8,4,4,True,False,True,True,False,2026-01-27T22:56:03.469311,"{""dice_roll"": [4, 4, 4], ""doors_count"": 4, ""is_dragon_room"": false, ""level"": 2}"
room_5,6617937376,6617937376_20260127210802,15,-16,5,5,True,True,False,False,True,2026-01-27T22:56:03.469311,"{""dice_roll"": [5, 5, 2], ""doors_count"": 2, ""is_dragon_room"": false, ""level"": 3}"
room_1,6617937376,6617937376_20260127210802,0,0,3,3,True,False,True,False,False,2026-01-27T23:06:29.492411,"{""dice_roll"": [3, 3, 4], ""doors_count"": 4, ""is_dragon_room"": false, ""level"": 2}"
room_1,6617937376,6617937376_20260127210802,0,0,3,3,True,False,False,False,False,2026-01-27T23:06:32.146004,"{""dice_roll"": [3, 3, 4], ""doors_count"": 4, ""is_dragon_room"": false, ""level"": 2}"
room_1,6617937376,6617937376_20260127210802,0,0,3,3,True,False,False,False,False,2026-01-27T23:06:34.544761,"{""dice_roll"": [3, 3, 4], ""doors_count"": 4, ""is_dragon_room"": false, ""level"": 2}"
room_2,6617937376,6617937376_20260127210802,-1,-6,5,3,True,True,False,False,False,2026-01-27T23:06:34.544761,"{""dice_roll"": [5, 3, 2], ""doors_count"": 2, ""is_dragon_room"": false, ""level"": 3}"
room_1,6617937376,6617937376_20260127210802,0,0,3,3,True,False,False,False,False,2026-01-27T23:06:50.025988,"{""dice_roll"": [3, 3, 4], ""doors_count"": 4, ""is_dragon_room"": false, ""level"": 2}"
room_2,6617937376,6617937376_20260127210802,-1,-6,5,3,True,True,False,False,False,2026-01-27T23:06:50.025988,"{""dice_roll"": [5, 3, 2], ""doors_count"": 2, ""is_dragon_room"": false, ""level"": 3}"
room_1,6617937376,6617937376_20260127210802,0,0,3,3,True,False,False,False,False,2026-01-27T23:07:46.285893,"{""dice_roll"": [3, 3, 4], ""doors_count"": 4, ""is_dragon_room"": false, ""level"": 2}"
room_2,6617937376,6617937376_20260127210802,-1,-6,5,3,True,True,False,False,False,2026-01-27T23:07:46.291920,"{""dice_roll"": [5, 3, 2], ""doors_count"": 2, ""is_dragon_room"": false, ""level"": 3}"
room_3,6617937376,6617937376_20260127210802,-1,-12,5,3,True,True,False,True,False,2026-01-27T23:07:46.292310,"{""dice_roll"": [5, 3, 2], ""doors_count"": 2, ""is_dragon_room"": false, ""level"": 3}"
room_1,6617937376,6617937376_20260127210802,0,0,3,3,True,False,False,False,False,2026-01-27T23:23:47.000092,"{""dice_roll"": [3, 3, 4], ""doors_count"": 4, ""is_dragon_room"": false, ""level"": 2}"
room_1,6617937376,6617937376_20260127210802,0,0,3,3,True,False,False,False,False,2026-01-27T23:23:50.175045,"{""dice_roll"": [3, 3, 4], ""doors_count"": 4, ""is_dragon_room"": false, ""level"": 2}"
room_1,6617937376,6617937376_20260127210802,0,0,3,3,True,False,False,False,False,2026-01-27T23:23:51.425156,"{""dice_roll"": [3, 3, 4], ""doors_count"": 4, ""is_dragon_room"": false, ""level"": 2}"
room_2,6617937376,6617937376_20260127210802,-2,-8,6,5,True,False,False,False,False,2026-01-27T23:23:51.425156,"{""dice_roll"": [6, 5, 1], ""doors_count"": 1, ""is_dragon_room"": false, ""level"": 3}"
room_1,6617937376,6617937376_20260127210802,0,0,3,3,True,False,False,False,False,2026-01-27T23:23:54.493593,"{""dice_roll"": [3, 3, 4], ""doors_count"": 4, ""is_dragon_room"": false, ""level"": 2}"
room_2,6617937376,6617937376_20260127210802,-2,-8,6,5,True,False,False,False,False,2026-01-27T23:23:54.493593,"{""dice_roll"": [6, 5, 1], ""doors_count"": 1, ""is_dragon_room"": false, ""level"": 3}"
room_1,6617937376,6617937376_20260127210802,0,0,3,3,True,False,False,False,False,2026-01-27T23:23:56.417127,"{""dice_roll"": [3, 3, 4], ""doors_count"": 4, ""is_dragon_room"": false, ""level"": 2}"
room_2,6617937376,6617937376_20260127210802,-2,-8,6,5,True,False,False,False,False,2026-01-27T23:23:56.417771,"{""dice_roll"": [6, 5, 1], ""doors_count"": 1, ""is_dragon_room"": false, ""level"": 3}"
room_1,6617937376,6617937376_20260127210802,0,0,3,3,True,False,False,False,False,2026-01-27T23:23:57.841662,"{""dice_roll"": [3, 3, 4], ""doors_count"": 4, ""is_dragon_room"": false, ""level"": 2}"
room_2,6617937376,6617937376_20260127210802,-2,-8,6,5,True,False,False,False,False,2026-01-27T23:23:57.841662,"{""dice_roll"": [6, 5, 1], ""doors_count"": 1, ""is_dragon_room"": false, ""level"": 3}"
room_1,6617937376,6617937376_20260127210802,0,0,3,3,True,False,False,False,False,2026-01-27T23:23:59.206628,"{""dice_roll"": [3, 3, 4], ""doors_count"": 4, ""is_dragon_room"": false, ""level"": 2}"
room_2,6617937376,6617937376_20260127210802,-2,-8,6,5,True,False,False,False,False,2026-01-27T23:23:59.206628,"{""dice_roll"": [6, 5, 1], ""doors_count"": 1, ""is_dragon_room"": false, ""level"": 3}"
room_1,6617937376,6617937376_20260127210802,0,0,3,3,True,False,False,False,False,2026-01-27T23:24:00.874860,"{""dice_roll"": [3, 3, 4], ""doors_count"": 4, ""is_dragon_room"": false, ""level"": 2}"
room_2,6617937376,6617937376_20260127210802,-2,-8,6,5,True,False,False,False,False,2026-01-27T23:24:00.884201,"{""dice_roll"": [6, 5, 1], ""doors_count"": 1, ""is_dragon_room"": false, ""level"": 3}"
room_1,6617937376,6617937376_20260127210802,0,0,3,3,True,False,False,False,False,2026-01-27T23:24:02.060213,"{""dice_roll"": [3, 3, 4], ""doors_count"": 4, ""is_dragon_room"": false, ""level"": 2}"
room_2,6617937376,6617937376_20260127210802,-2,-8,6,5,True,False,False,False,False,2026-01-27T23:24:02.060213,"{""dice_roll"": [6, 5, 1], ""doors_count"": 1, ""is_dragon_room"": false, ""level"": 3}"
room_3,6617937376,6617937376_20260127210802,-1,6,4,6,True,False,True,True,False,2026-01-27T23:24:02.060213,"{""dice_roll"": [4, 6, 4], ""doors_count"": 4, ""is_dragon_room"": false, ""level"": 3}"
room_1,6617937376,6617937376_20260127210802,0,0,3,3,True,False,False,False,False,2026-01-27T23:24:03.441546,"{""dice_roll"": [3, 3, 4], ""doors_count"": 4, ""is_dragon_room"": false, ""level"": 2}"
room_2,6617937376,6617937376_20260127210802,-2,-8,6,5,True,False,False,False,False,2026-01-27T23:24:03.444054,"{""dice_roll"": [6, 5, 1], ""doors_count"": 1, ""is_dragon_room"": false, ""level"": 3}"
room_3,6617937376,6617937376_20260127210802,-1,6,4,6,True,False,True,True,False,2026-01-27T23:24:03.444054,"{""dice_roll"": [4, 6, 4], ""doors_count"": 4, ""is_dragon_room"": false, ""level"": 3}"
room_1,6617937376,6617937376_20260127210802,0,0,3,3,True,False,False,False,False,2026-01-27T23:24:06.685144,"{""dice_roll"": [3, 3, 4], ""doors_count"": 4, ""is_dragon_room"": false, ""level"": 2}"
room_2,6617937376,6617937376_20260127210802,-2,-8,6,5,True,False,False,False,False,2026-01-27T23:24:06.691068,"{""dice_roll"": [6, 5, 1], ""doors_count"": 1, ""is_dragon_room"": false, ""level"": 3}"
room_3,6617937376,6617937376_20260127210802,-1,6,4,6,True,False,False,True,False,2026-01-27T23:24:06.691068,"{""dice_roll"": [4, 6, 4], ""doors_count"": 4, ""is_dragon_room"": false, ""level"": 3}"
room_1,6617937376,6617937376_20260127210802,0,0,3,3,True,False,False,False,False,2026-01-27T23:24:23.058435,"{""dice_roll"": [3, 3, 4], ""doors_count"": 4, ""is_dragon_room"": false, ""level"": 2}"
room_2,6617937376,6617937376_20260127210802,-2,-8,6,5,True,False,False,False,False,2026-01-27T23:24:23.058435,"{""dice_roll"": [6, 5, 1], ""doors_count"": 1, ""is_dragon_room"": false, ""level"": 3}"
room_3,6617937376,6617937376_20260127210802,-1,6,4,6,True,False,False,True,False,2026-01-27T23:24:23.060443,"{""dice_roll"": [4, 6, 4], ""doors_count"": 4, ""is_dragon_room"": false, ""level"": 3}"
room_1,6617937376,6617937376_20260127210802,0,0,3,3,True,False,False,False,False,2026-01-27T23:24:24.674860,"{""dice_roll"": [3, 3, 4], ""doors_count"": 4, ""is_dragon_room"": false, ""level"": 2}"
room_2,6617937376,6617937376_20260127210802,-2,-8,6,5,True,False,False,False,False,2026-01-27T23:24:24.674860,"{""dice_roll"": [6, 5, 1], ""doors_count"": 1, ""is_dragon_room"": false, ""level"": 3}"
room_3,6617937376,6617937376_20260127210802,-1,6,4,6,True,False,False,True,False,2026-01-27T23:24:24.674860,"{""dice_roll"": [4, 6, 4], ""doors_count"": 4, ""is_dragon_room"": false, ""level"": 3}"
room_1,6617937376,6617937376_20260127210802,0,0,3,3,True,False,False,False,False,2026-01-27T23:24:26.341214,"{""dice_roll"": [3, 3, 4], ""doors_count"": 4, ""is_dragon_room"": false, ""level"": 2}"
room_2,6617937376,6617937376_20260127210802,-2,-8,6,5,True,False,False,False,False,2026-01-27T23:24:26.341214,"{""dice_roll"": [6, 5, 1], ""doors_count"": 1, ""is_dragon_room"": false, ""level"": 3}"
room_3,6617937376,6617937376_20260127210802,-1,6,4,6,True,False,False,True,False,2026-01-27T23:24:26.341214,"{""dice_roll"": [4, 6, 4], ""doors_count"": 4, ""is_dragon_room"": false, ""level"": 3}"
room_1,6617937376,6617937376_20260127210802,0,0,3,3,True,False,False,False,False,2026-01-27T23:24:27.710054,"{""dice_roll"": [3, 3, 4], ""doors_count"": 4, ""is_dragon_room"": false, ""level"": 2}"
room_2,6617937376,6617937376_20260127210802,-2,-8,6,5,True,False,False,False,False,2026-01-27T23:24:27.710054,"{""dice_roll"": [6, 5, 1], ""doors_count"": 1, ""is_dragon_room"": false, ""level"": 3}"
room_3,6617937376,6617937376_20260127210802,-1,6,4,6,True,False,False,True,False,2026-01-27T23:24:27.710054,"{""dice_roll"": [4, 6, 4], ""doors_count"": 4, ""is_dragon_room"": false, ""level"": 3}"
room_1,6617937376,6617937376_20260127210802,0,0,3,3,True,False,False,False,False,2026-01-27T23:24:29.335109,"{""dice_roll"": [3, 3, 4], ""doors_count"": 4, ""is_dragon_room"": false, ""level"": 2}"
room_2,6617937376,6617937376_20260127210802,-2,-8,6,5,True,False,False,False,False,2026-01-27T23:24:29.335109,"{""dice_roll"": [6, 5, 1], ""doors_count"": 1, ""is_dragon_room"": false, ""level"": 3}"
room_3,6617937376,6617937376_20260127210802,-1,6,4,6,True,False,False,True,False,2026-01-27T23:24:29.335109,"{""dice_roll"": [4, 6, 4], ""doors_count"": 4, ""is_dragon_room"": false, ""level"": 3}"
room_1,6617937376,6617937376_20260127210802,0,0,3,3,True,False,False,False,False,2026-01-27T23:24:30.535044,"{""dice_roll"": [3, 3, 4], ""doors_count"": 4, ""is_dragon_room"": false, ""level"": 2}"
room_2,6617937376,6617937376_20260127210802,-2,-8,6,5,True,False,False,False,False,2026-01-27T23:24:30.535044,"{""dice_roll"": [6, 5, 1], ""doors_count"": 1, ""is_dragon_room"": false, ""level"": 3}"
room_3,6617937376,6617937376_20260127210802,-1,6,4,6,True,False,False,True,False,2026-01-27T23:24:30.535044,"{""dice_roll"": [4, 6, 4], ""doors_count"": 4, ""is_dragon_room"": false, ""level"": 3}"
room_4,6617937376,6617937376_20260127210802,6,0,2,2,True,True,True,False,False,2026-01-27T23:24:30.541432,"{""dice_roll"": [2, 2, 2], ""doors_count"": 1, ""is_dragon_room"": false, ""level"": 1}"
room_1,6617937376,6617937376_20260127210802,0,0,3,3,True,False,False,False,False,2026-01-27T23:24:51.368511,"{""dice_roll"": [3, 3, 4], ""doors_count"": 4, ""is_dragon_room"": false, ""level"": 2}"
room_2,6617937376,6617937376_20260127210802,-2,-8,6,5,True,False,False,False,False,2026-01-27T23:24:51.374440,"{""dice_roll"": [6, 5, 1], ""doors_count"": 1, ""is_dragon_room"": false, ""level"": 3}"
room_3,6617937376,6617937376_20260127210802,-1,6,4,6,True,False,False,True,False,2026-01-27T23:24:51.374860,"{""dice_roll"": [4, 6, 4], ""doors_count"": 4, ""is_dragon_room"": false, ""level"": 3}"
room_4,6617937376,6617937376_20260127210802,6,0,2,2,True,True,True,False,False,2026-01-27T23:24:51.374860,"{""dice_roll"": [2, 2, 2], ""doors_count"": 1, ""is_dragon_room"": false, ""level"": 1}"
room_1,6617937376,6617937376_20260127210802,0,0,3,3,True,False,False,False,False,2026-01-27T23:24:58.624829,"{""dice_roll"": [3, 3, 4], ""doors_count"": 4, ""is_dragon_room"": false, ""level"": 2}"
room_2,6617937376,6617937376_20260127210802,-2,-8,6,5,True,False,False,False,False,2026-01-27T23:24:58.624829,"{""dice_roll"": [6, 5, 1], ""doors_count"": 1, ""is_dragon_room"": false, ""level"": 3}"
room_3,6617937376,6617937376_20260127210802,-1,6,4,6,True,False,False,True,False,2026-01-27T23:24:58.624829,"{""dice_roll"": [4, 6, 4], ""doors_count"": 4, ""is_dragon_room"": false, ""level"": 3}"
room_4,6617937376,6617937376_20260127210802,6,0,2,2,True,True,False,False,False,2026-01-27T23:24:58.624829,"{""dice_roll"": [2, 2, 2], ""doors_count"": 1, ""is_dragon_room"": false, ""level"": 1}"
room_1,6617937376,6617937376_20260127210802,0,0,3,3,True,False,False,False,False,2026-01-27T23:25:02.016479,"{""dice_roll"": [3, 3, 4], ""doors_count"": 4, ""is_dragon_room"": false, ""level"": 2}"
room_2,6617937376,6617937376_20260127210802,-2,-8,6,5,True,False,False,False,False,2026-01-27T23:25:02.016479,"{""dice_roll"": [6, 5, 1], ""doors_count"": 1, ""is_dragon_room"": false, ""level"": 3}"
room_3,6617937376,6617937376_20260127210802,-1,6,4,6,True,False,False,True,False,2026-01-27T23:25:02.016479,"{""dice_roll"": [4, 6, 4], ""doors_count"": 4, ""is_dragon_room"": false, ""level"": 3}"
room_4,6617937376,6617937376_20260127210802,6,0,2,2,True,True,False,False,False,2026-01-27T23:25:02.016479,"{""dice_roll"": [2, 2, 2], ""doors_count"": 1, ""is_dragon_room"": false, ""level"": 1}"
room_1,6617937376,6617937376_20260127210802,0,0,3,3,True,False,False,False,False,2026-01-27T23:25:04.066050,"{""dice_roll"": [3, 3, 4], ""doors_count"": 4, ""is_dragon_room"": false, ""level"": 2}"
room_2,6617937376,6617937376_20260127210802,-2,-8,6,5,True,False,False,False,False,2026-01-27T23:25:04.066050,"{""dice_roll"": [6, 5, 1], ""doors_count"": 1, ""is_dragon_room"": false, ""level"": 3}"
room_3,6617937376,6617937376_20260127210802,-1,6,4,6,True,False,False,True,False,2026-01-27T23:25:04.066050,"{""dice_roll"": [4, 6, 4], ""doors_count"": 4, ""is_dragon_room"": false, ""level"": 3}"
room_4,6617937376,6617937376_20260127210802,6,0,2,2,True,True,False,False,False,2026-01-27T23:25:04.066050,"{""dice_roll"": [2, 2, 2], ""doors_count"": 1, ""is_dragon_room"": false, ""level"": 1}"
room_1,6617937376,6617937376_20260127210802,0,0,3,3,True,False,False,False,False,2026-01-27T23:25:05.824577,"{""dice_roll"": [3, 3, 4], ""doors_count"": 4, ""is_dragon_room"": false, ""level"": 2}"
room_2,6617937376,6617937376_20260127210802,-2,-8,6,5,True,False,False,False,False,2026-01-27T23:25:05.831918,"{""dice_roll"": [6, 5, 1], ""doors_count"": 1, ""is_dragon_room"": false, ""level"": 3}"
room_3,6617937376,6617937376_20260127210802,-1,6,4,6,True,False,False,True,False,2026-01-27T23:25:05.833406,"{""dice_roll"": [4, 6, 4], ""doors_count"": 4, ""is_dragon_room"": false, ""level"": 3}"
room_4,6617937376,6617937376_20260127210802,6,0,2,2,True,True,False,False,False,2026-01-27T23:25:05.833406,"{""dice_roll"": [2, 2, 2], ""doors_count"": 1, ""is_dragon_room"": false, ""level"": 1}"
room_5,6617937376,6617937376_20260127210802,-5,0,2,3,True,False,True,False,True,2026-01-27T23:25:05.833406,"{""dice_roll"": [2, 3, 4], ""doors_count"": 2, ""is_dragon_room"": false, ""level"": 1}"
room_1,6617937376,6617937376_20260127210802,0,0,3,3,True,False,False,False,False,2026-01-27T23:25:08.674758,"{""dice_roll"": [3, 3, 4], ""doors_count"": 4, ""is_dragon_room"": false, ""level"": 2}"
room_2,6617937376,6617937376_20260127210802,-2,-8,6,5,True,False,False,False,False,2026-01-27T23:25:08.674758,"{""dice_roll"": [6, 5, 1], ""doors_count"": 1, ""is_dragon_room"": false, ""level"": 3}"
room_3,6617937376,6617937376_20260127210802,-1,6,4,6,True,False,False,True,False,2026-01-27T23:25:08.674758,"{""dice_roll"": [4, 6, 4], ""doors_count"": 4, ""is_dragon_room"": false, ""level"": 3}"
room_4,6617937376,6617937376_20260127210802,6,0,2,2,True,True,False,False,False,2026-01-27T23:25:08.674758,"{""dice_roll"": [2, 2, 2], ""doors_count"": 1, ""is_dragon_room"": false, ""level"": 1}"
room_5,6617937376,6617937376_20260127210802,-5,0,2,3,True,False,False,False,True,2026-01-27T23:25:08.674758,"{""dice_roll"": [2, 3, 4], ""doors_count"": 2, ""is_dragon_room"": false, ""level"": 1}"
room_1,6617937376,6617937376_20260127210802,0,0,3,3,True,False,True,False,False,2026-01-28T13:01:48.391502,"{""dice_roll"": [3, 3, 4], ""doors_count"": 4, ""is_dragon_room"": false, ""level"": 2}"
room_1,6617937376,6617937376_20260127210802,0,0,3,3,True,False,True,False,False,2026-01-28T13:01:49.800829,"{""dice_roll"": [3, 3, 4], ""doors_count"": 4, ""is_dragon_room"": false, ""level"": 2}"
room_2,6617937376,6617937376_20260127210802,-2,-6,6,3,True,True,True,False,False,2026-01-28T13:01:49.800829,"{""dice_roll"": [6, 3, 1], ""doors_count"": 1, ""is_dragon_room"": false, ""level"": 3}"
room_1,6617937376,6617937376_20260127210802,0,0,3,3,True,False,True,False,False,2026-01-28T13:15:15.949488,"{""dice_roll"": [3, 3, 4], ""doors_count"": 4, ""is_dragon_room"": false, ""level"": 2}"
room_1,6617937376,6617937376_20260127210802,0,0,3,3,True,False,True,False,False,2026-01-28T13:15:17.282671,"{""dice_roll"": [3, 3, 4], ""doors_count"": 4, ""is_dragon_room"": false, ""level"": 2}"
room_2,6617937376,6617937376_20260127210802,-2,-5,6,2,True,True,False,False,False,2026-01-28T13:15:17.282671,"{""dice_roll"": [6, 2, 1], ""doors_count"": 1, ""is_dragon_room"": false, ""level"": 3}"
room_1,6617937376,6617937376_20260127210802,0,0,3,3,True,False,True,False,False,2026-01-28T13:15:18.882896,"{""dice_roll"": [3, 3, 4], ""doors_count"": 4, ""is_dragon_room"": false, ""level"": 2}"
room_2,6617937376,6617937376_20260127210802,-2,-5,6,2,True,True,False,False,False,2026-01-28T13:15:18.882896,"{""dice_roll"": [6, 2, 1], ""doors_count"": 1, ""is_dragon_room"": false, ""level"": 3}"
room_1,6617937376,6617937376_20260127210802,0,0,3,3,True,False,True,False,False,2026-01-28T13:15:19.941484,"{""dice_roll"": [3, 3, 4], ""doors_count"": 4, ""is_dragon_room"": false, ""level"": 2}"
room_2,6617937376,6617937376_20260127210802,-2,-5,6,2,True,True,False,False,False,2026-01-28T13:15:19.943495,"{""dice_roll"": [6, 2, 1], ""doors_count"": 1, ""is_dragon_room"": false, ""level"": 3}"
room_1,6617937376,6617937376_20260127210802,0,0,3,3,True,False,True,False,False,2026-01-28T13:15:21.132993,"{""dice_roll"": [3, 3, 4], ""doors_count"": 4, ""is_dragon_room"": false, ""level"": 2}"
room_2,6617937376,6617937376_20260127210802,-2,-5,6,2,True,True,False,False,False,2026-01-28T13:15:21.132993,"{""dice_roll"": [6, 2, 1], ""doors_count"": 1, ""is_dragon_room"": false, ""level"": 3}"
room_1,6617937376,6617937376_20260127210802,0,0,3,3,True,False,True,False,False,2026-01-28T13:15:21.943388,"{""dice_roll"": [3, 3, 4], ""doors_count"": 4, ""is_dragon_room"": false, ""level"": 2}"
room_2,6617937376,6617937376_20260127210802,-2,-5,6,2,True,False,False,False,False,2026-01-28T13:15:21.948849,"{""dice_roll"": [6, 2, 1], ""doors_count"": 1, ""is_dragon_room"": false, ""level"": 3}"
room_1,6617937376,6617937376_20260127210802,0,0,3,3,True,False,True,False,False,2026-01-28T13:15:29.276699,"{""dice_roll"": [3, 3, 4], ""doors_count"": 4, ""is_dragon_room"": false, ""level"": 2}"
room_2,6617937376,6617937376_20260127210802,-2,-5,6,2,True,False,False,False,False,2026-01-28T13:15:29.276699,"{""dice_roll"": [6, 2, 1], ""doors_count"": 1, ""is_dragon_room"": false, ""level"": 3}"
room_1,6617937376,6617937376_20260127210802,0,0,3,3,True,False,False,False,False,2026-01-28T13:15:34.666169,"{""dice_roll"": [3, 3, 4], ""doors_count"": 4, ""is_dragon_room"": false, ""level"": 2}"
room_2,6617937376,6617937376_20260127210802,-2,-5,6,2,True,False,False,False,False,2026-01-28T13:15:34.666169,"{""dice_roll"": [6, 2, 1], ""doors_count"": 1, ""is_dragon_room"": false, ""level"": 3}"
room_1,6617937376,6617937376_20260127210802,0,0,3,3,True,False,False,False,False,2026-01-28T13:15:37.584901,"{""dice_roll"": [3, 3, 4], ""doors_count"": 4, ""is_dragon_room"": false, ""level"": 2}"
room_2,6617937376,6617937376_20260127210802,-2,-5,6,2,True,False,False,False,False,2026-01-28T13:15:37.584901,"{""dice_roll"": [6, 2, 1], ""doors_count"": 1, ""is_dragon_room"": false, ""level"": 3}"
room_1,6617937376,6617937376_20260127210802,0,0,3,3,True,False,False,False,False,2026-01-28T13:15:38.641015,"{""dice_roll"": [3, 3, 4], ""doors_count"": 4, ""is_dragon_room"": false, ""level"": 2}"
room_2,6617937376,6617937376_20260127210802,-2,-5,6,2,True,False,False,False,False,2026-01-28T13:15:38.641015,"{""dice_roll"": [6, 2, 1], ""doors_count"": 1, ""is_dragon_room"": false, ""level"": 3}"
room_3,6617937376,6617937376_20260127210802,-6,0,3,3,True,False,False,False,False,2026-01-28T13:15:38.641015,"{""dice_roll"": [3, 3, 4], ""doors_count"": 4, ""is_dragon_room"": false, ""level"": 2}"
room_1,6617937376,6617937376_20260127210802,0,0,3,3,True,False,False,False,False,2026-01-28T13:15:40.049314,"{""dice_roll"": [3, 3, 4], ""doors_count"": 4, ""is_dragon_room"": false, ""level"": 2}"
room_2,6617937376,6617937376_20260127210802,-2,-5,6,2,True,False,False,False,False,2026-01-28T13:15:40.049314,"{""dice_roll"": [6, 2, 1], ""doors_count"": 1, ""is_dragon_room"": false, ""level"": 3}"
room_3,6617937376,6617937376_20260127210802,-6,0,3,3,True,False,False,False,False,2026-01-28T13:15:40.049314,"{""dice_roll"": [3, 3, 4], ""doors_count"": 4, ""is_dragon_room"": false, ""level"": 2}"
room_1,6617937376,6617937376_20260127210802,0,0,3,3,True,False,False,False,False,2026-01-28T13:15:41.265807,"{""dice_roll"": [3, 3, 4], ""doors_count"": 4, ""is_dragon_room"": false, ""level"": 2}"
room_2,6617937376,6617937376_20260127210802,-2,-5,6,2,True,False,False,False,False,2026-01-28T13:15:41.265807,"{""dice_roll"": [6, 2, 1], ""doors_count"": 1, ""is_dragon_room"": false, ""level"": 3}"
room_3,6617937376,6617937376_20260127210802,-6,0,3,3,True,False,False,False,False,2026-01-28T13:15:41.265807,"{""dice_roll"": [3, 3, 4], ""doors_count"": 4, ""is_dragon_room"": false, ""level"": 2}"
room_4,6617937376,6617937376_20260127210802,-15,-1,6,5,True,False,True,False,False,2026-01-28T13:15:41.265807,"{""dice_roll"": [6, 5, 3], ""doors_count"": 3, ""is_dragon_room"": false, ""level"": 3}"
room_1,6617937376,6617937376_20260127210802,0,0,3,3,True,False,False,False,False,2026-01-28T13:15:44.276585,"{""dice_roll"": [3, 3, 4], ""doors_count"": 4, ""is_dragon_room"": false, ""level"": 2}"
room_2,6617937376,6617937376_20260127210802,-2,-5,6,2,True,False,False,False,False,2026-01-28T13:15:44.276585,"{""dice_roll"": [6, 2, 1], ""doors_count"": 1, ""is_dragon_room"": false, ""level"": 3}"
room_3,6617937376,6617937376_20260127210802,-6,0,3,3,True,False,False,False,False,2026-01-28T13:15:44.276585,"{""dice_roll"": [3, 3, 4], ""doors_count"": 4, ""is_dragon_room"": false, ""level"": 2}"
room_4,6617937376,6617937376_20260127210802,-15,-1,6,5,True,False,False,False,False,2026-01-28T13:15:44.282586,"{""dice_roll"": [6, 5, 3], ""doors_count"": 3, ""is_dragon_room"": false, ""level"": 3}"
room_1,6617937376,6617937376_20260127210802,0,0,3,3,True,False,False,False,False,2026-01-28T13:17:23.124406,"{""dice_roll"": [3, 3, 4], ""doors_count"": 4, ""is_dragon_room"": false, ""level"": 2}"
room_2,6617937376,6617937376_20260127210802,-2,-5,6,2,True,False,False,False,False,2026-01-28T13:17:23.126413,"{""dice_roll"": [6, 2, 1], ""doors_count"": 1, ""is_dragon_room"": false, ""level"": 3}"
room_3,6617937376,6617937376_20260127210802,-6,0,3,3,True,False,False,False,False,2026-01-28T13:17:23.126413,"{""dice_roll"": [3, 3, 4], ""doors_count"": 4, ""is_dragon_room"": false, ""level"": 2}"
room_4,6617937376,6617937376_20260127210802,-15,-1,6,5,True,False,False,False,False,2026-01-28T13:17:23.126413,"{""dice_roll"": [6, 5, 3], ""doors_count"": 3, ""is_dragon_room"": false, ""level"": 3}"
room_1,6617937376,6617937376_20260127210802,0,0,3,3,True,False,False,False,False,2026-01-28T13:17:24.615928,"{""dice_roll"": [3, 3, 4], ""doors_count"": 4, ""is_dragon_room"": false, ""level"": 2}"
room_2,6617937376,6617937376_20260127210802,-2,-5,6,2,True,False,False,False,False,2026-01-28T13:17:24.615928,"{""dice_roll"": [6, 2, 1], ""doors_count"": 1, ""is_dragon_room"": false, ""level"": 3}"
room_3,6617937376,6617937376_20260127210802,-6,0,3,3,True,False,False,False,False,2026-01-28T13:17:24.615928,"{""dice_roll"": [3, 3, 4], ""doors_count"": 4, ""is_dragon_room"": false, ""level"": 2}"
room_4,6617937376,6617937376_20260127210802,-15,-1,6,5,True,False,False,False,False,2026-01-28T13:17:24.615928,"{""dice_roll"": [6, 5, 3], ""doors_count"": 3, ""is_dragon_room"": false, ""level"": 3}"
room_1,6617937376,6617937376_20260127210802,0,0,3,3,True,False,False,False,False,2026-01-28T13:17:26.315904,"{""dice_roll"": [3, 3, 4], ""doors_count"": 4, ""is_dragon_room"": false, ""level"": 2}"
room_2,6617937376,6617937376_20260127210802,-2,-5,6,2,True,False,False,False,False,2026-01-28T13:17:26.323868,"{""dice_roll"": [6, 2, 1], ""doors_count"": 1, ""is_dragon_room"": false, ""level"": 3}"
room_3,6617937376,6617937376_20260127210802,-6,0,3,3,True,False,False,False,False,2026-01-28T13:17:26.324312,"{""dice_roll"": [3, 3, 4], ""doors_count"": 4, ""is_dragon_room"": false, ""level"": 2}"
room_4,6617937376,6617937376_20260127210802,-15,-1,6,5,True,False,False,False,False,2026-01-28T13:17:26.324312,"{""dice_roll"": [6, 5, 3], ""doors_count"": 3, ""is_dragon_room"": false, ""level"": 3}"
room_1,6617937376,6617937376_20260127210802,0,0,3,3,True,False,False,False,False,2026-01-28T13:17:27.974419,"{""dice_roll"": [3, 3, 4], ""doors_count"": 4, ""is_dragon_room"": false, ""level"": 2}"
room_2,6617937376,6617937376_20260127210802,-2,-5,6,2,True,False,False,False,False,2026-01-28T13:17:27.974419,"{""dice_roll"": [6, 2, 1], ""doors_count"": 1, ""is_dragon_room"": false, ""level"": 3}"
room_3,6617937376,6617937376_20260127210802,-6,0,3,3,True,False,False,False,False,2026-01-28T13:17:27.982700,"{""dice_roll"": [3, 3, 4], ""doors_count"": 4, ""is_dragon_room"": false, ""level"": 2}"
room_4,6617937376,6617937376_20260127210802,-15,-1,6,5,True,False,False,False,False,2026-01-28T13:17:27.982700,"{""dice_roll"": [6, 5, 3], ""doors_count"": 3, ""is_dragon_room"": false, ""level"": 3}"
room_1,6617937376,6617937376_20260127210802,0,0,3,3,True,False,False,False,False,2026-01-28T13:17:29.624502,"{""dice_roll"": [3, 3, 4], ""doors_count"": 4, ""is_dragon_room"": false, ""level"": 2}"
room_2,6617937376,6617937376_20260127210802,-2,-5,6,2,True,False,False,False,False,2026-01-28T13:17:29.629266,"{""dice_roll"": [6, 2, 1], ""doors_count"": 1, ""is_dragon_room"": false, ""level"": 3}"
room_3,6617937376,6617937376_20260127210802,-6,0,3,3,True,False,False,False,False,2026-01-28T13:17:29.629266,"{""dice_roll"": [3, 3, 4], ""doors_count"": 4, ""is_dragon_room"": false, ""level"": 2}"
room_4,6617937376,6617937376_20260127210802,-15,-1,6,5,True,False,False,False,False,2026-01-28T13:17:29.629266,"{""dice_roll"": [6, 5, 3], ""doors_count"": 3, ""is_dragon_room"": false, ""level"": 3}"
room_1,6617937376,6617937376_20260127210802,0,0,3,3,True,False,False,False,False,2026-01-28T13:17:31.482638,"{""dice_roll"": [3, 3, 4], ""doors_count"": 4, ""is_dragon_room"": false, ""level"": 2}"
room_2,6617937376,6617937376_20260127210802,-2,-5,6,2,True,False,False,False,False,2026-01-28T13:17:31.490445,"{""dice_roll"": [6, 2, 1], ""doors_count"": 1, ""is_dragon_room"": false, ""level"": 3}"
room_3,6617937376,6617937376_20260127210802,-6,0,3,3,True,False,False,False,False,2026-01-28T13:17:31.490837,"{""dice_roll"": [3, 3, 4], ""doors_count"": 4, ""is_dragon_room"": false, ""level"": 2}"
room_4,6617937376,6617937376_20260127210802,-15,-1,6,5,True,False,False,False,False,2026-01-28T13:17:31.492844,"{""dice_roll"": [6, 5, 3], ""doors_count"": 3, ""is_dragon_room"": false, ""level"": 3}"
room_5,6617937376,6617937376_20260127210802,-20,1,2,2,True,True,False,False,False,2026-01-28T13:17:31.492844,"{""dice_roll"": [2, 2, 1], ""doors_count"": 1, ""is_dragon_room"": false, ""level"": 1}"
room_1,6617937376,6617937376_20260127210802,0,0,3,3,True,False,False,False,False,2026-01-28T13:17:34.465947,"{""dice_roll"": [3, 3, 4], ""doors_count"": 4, ""is_dragon_room"": false, ""level"": 2}"
room_2,6617937376,6617937376_20260127210802,-2,-5,6,2,True,False,False,False,False,2026-01-28T13:17:34.465947,"{""dice_roll"": [6, 2, 1], ""doors_count"": 1, ""is_dragon_room"": false, ""level"": 3}"
room_3,6617937376,6617937376_20260127210802,-6,0,3,3,True,False,False,False,False,2026-01-28T13:17:34.465947,"{""dice_roll"": [3, 3, 4], ""doors_count"": 4, ""is_dragon_room"": false, ""level"": 2}"
room_4,6617937376,6617937376_20260127210802,-15,-1,6,5,True,False,False,False,False,2026-01-28T13:17:34.465947,"{""dice_roll"": [6, 5, 3], ""doors_count"": 3, ""is_dragon_room"": false, ""level"": 3}"
room_5,6617937376,6617937376_20260127210802,-20,1,2,2,True,False,False,False,False,2026-01-28T13:17:34.465947,"{""dice_roll"": [2, 2, 1], ""doors_count"": 1, ""is_dragon_room"": false, ""level"": 1}"
room_1,6617937376,6617937376_20260127210802,0,0,3,3,True,False,False,False,False,2026-01-28T13:17:40.959582,"{""dice_roll"": [3, 3, 4], ""doors_count"": 4, ""is_dragon_room"": false, ""level"": 2}"
room_2,6617937376,6617937376_20260127210802,-2,-5,6,2,True,False,False,False,False,2026-01-28T13:17:40.959582,"{""dice_roll"": [6, 2, 1], ""doors_count"": 1, ""is_dragon_room"": false, ""level"": 3}"
room_3,6617937376,6617937376_20260127210802,-6,0,3,3,True,False,False,False,False,2026-01-28T13:17:40.959582,"{""dice_roll"": [3, 3, 4], ""doors_count"": 4, ""is_dragon_room"": false, ""level"": 2}"
room_4,6617937376,6617937376_20260127210802,-15,-1,6,5,True,False,False,False,False,2026-01-28T13:17:40.965403,"{""dice_roll"": [6, 5, 3], ""doors_count"": 3, ""is_dragon_room"": false, ""level"": 3}"
room_5,6617937376,6617937376_20260127210802,-20,1,2,2,True,False,False,False,False,2026-01-28T13:17:40.966276,"{""dice_roll"": [2, 2, 1], ""doors_count"": 1, ""is_dragon_room"": false, ""level"": 1}"
room_1,6617937376,6617937376_20260127210802,0,0,3,3,True,False,False,False,False,2026-01-28T13:17:42.515904,"{""dice_roll"": [3, 3, 4], ""doors_count"": 4, ""is_dragon_room"": false, ""level"": 2}"
room_2,6617937376,6617937376_20260127210802,-2,-5,6,2,True,False,False,False,False,2026-01-28T13:17:42.515904,"{""dice_roll"": [6, 2, 1], ""doors_count"": 1, ""is_dragon_room"": false, ""level"": 3}"
room_3,6617937376,6617937376_20260127210802,-6,0,3,3,True,False,False,False,False,2026-01-28T13:17:42.515904,"{""dice_roll"": [3, 3, 4], ""doors_count"": 4, ""is_dragon_room"": false, ""level"": 2}"
room_4,6617937376,6617937376_20260127210802,-15,-1,6,5,True,False,False,False,False,2026-01-28T13:17:42.523818,"{""dice_roll"": [6, 5, 3], ""doors_count"": 3, ""is_dragon_room"": false, ""level"": 3}"
room_5,6617937376,6617937376_20260127210802,-20,1,2,2,True,False,False,False,False,2026-01-28T13:17:42.524326,"{""dice_roll"": [2, 2, 1], ""doors_count"": 1, ""is_dragon_room"": false, ""level"": 1}"
room_1,6617937376,6617937376_20260127210802,0,0,3,3,True,False,False,False,False,2026-01-28T13:17:43.965999,"{""dice_roll"": [3, 3, 4], ""doors_count"": 4, ""is_dragon_room"": false, ""level"": 2}"
room_2,6617937376,6617937376_20260127210802,-2,-5,6,2,True,False,False,False,False,2026-01-28T13:17:43.973437,"{""dice_roll"": [6, 2, 1], ""doors_count"": 1, ""is_dragon_room"": false, ""level"": 3}"
room_3,6617937376,6617937376_20260127210802,-6,0,3,3,True,False,False,False,False,2026-01-28T13:17:43.973991,"{""dice_roll"": [3, 3, 4], ""doors_count"": 4, ""is_dragon_room"": false, ""level"": 2}"
room_4,6617937376,6617937376_20260127210802,-15,-1,6,5,True,False,False,False,False,2026-01-28T13:17:43.974426,"{""dice_roll"": [6, 5, 3], ""doors_count"": 3, ""is_dragon_room"": false, ""level"": 3}"
room_5,6617937376,6617937376_20260127210802,-20,1,2,2,True,False,False,False,False,2026-01-28T13:17:43.974426,"{""dice_roll"": [2, 2, 1], ""doors_count"": 1, ""is_dragon_room"": false, ""level"": 1}"
room_1,6617937376,6617937376_20260127210802,0,0,3,3,True,False,False,False,False,2026-01-28T13:17:45.109537,"{""dice_roll"": [3, 3, 4], ""doors_count"": 4, ""is_dragon_room"": false, ""level"": 2}"
room_2,6617937376,6617937376_20260127210802,-2,-5,6,2,True,False,False,False,False,2026-01-28T13:17:45.109537,"{""dice_roll"": [6, 2, 1], ""doors_count"": 1, ""is_dragon_room"": false, ""level"": 3}"
room_3,6617937376,6617937376_20260127210802,-6,0,3,3,True,False,False,False,False,2026-01-28T13:17:45.115496,"{""dice_roll"": [3, 3, 4], ""doors_count"": 4, ""is_dragon_room"": false, ""level"": 2}"
room_4,6617937376,6617937376_20260127210802,-15,-1,6,5,True,False,False,False,False,2026-01-28T13:17:45.115876,"{""dice_roll"": [6, 5, 3], ""doors_count"": 3, ""is_dragon_room"": false, ""level"": 3}"
room_5,6617937376,6617937376_20260127210802,-20,1,2,2,True,False,False,False,False,2026-01-28T13:17:45.115876,"{""dice_roll"": [2, 2, 1], ""doors_count"": 1, ""is_dragon_room"": false, ""level"": 1}"
room_1,6617937376,6617937376_20260127210802,0,0,3,3,True,False,False,False,False,2026-01-28T13:17:46.107588,"{""dice_roll"": [3, 3, 4], ""doors_count"": 4, ""is_dragon_room"": false, ""level"": 2}"
room_2,6617937376,6617937376_20260127210802,-2,-5,6,2,True,False,False,False,False,2026-01-28T13:17:46.107588,"{""dice_roll"": [6, 2, 1], ""doors_count"": 1, ""is_dragon_room"": false, ""level"": 3}"
room_3,6617937376,6617937376_20260127210802,-6,0,3,3,True,False,False,False,False,2026-01-28T13:17:46.107588,"{""dice_roll"": [3, 3, 4], ""doors_count"": 4, ""is_dragon_room"": false, ""level"": 2}"
room_4,6617937376,6617937376_20260127210802,-15,-1,6,5,True,False,False,False,False,2026-01-28T13:17:46.107588,"{""dice_roll"": [6, 5, 3], ""doors_count"": 3, ""is_dragon_room"": false, ""level"": 3}"
room_5,6617937376,6617937376_20260127210802,-20,1,2,2,True,False,False,False,False,2026-01-28T13:17:46.107588,"{""dice_roll"": [2, 2, 1], ""doors_count"": 1, ""is_dragon_room"": false, ""level"": 1}"
room_1,6617937376,6617937376_20260127210802,0,0,3,3,True,False,False,False,False,2026-01-28T13:17:47.549175,"{""dice_roll"": [3, 3, 4], ""doors_count"": 4, ""is_dragon_room"": false, ""level"": 2}"
room_2,6617937376,6617937376_20260127210802,-2,-5,6,2,True,False,False,False,False,2026-01-28T13:17:47.549175,"{""dice_roll"": [6, 2, 1], ""doors_count"": 1, ""is_dragon_room"": false, ""level"": 3}"
room_3,6617937376,6617937376_20260127210802,-6,0,3,3,True,False,False,False,False,2026-01-28T13:17:47.557146,"{""dice_roll"": [3, 3, 4], ""doors_count"": 4, ""is_dragon_room"": false, ""level"": 2}"
room_4,6617937376,6617937376_20260127210802,-15,-1,6,5,True,False,False,False,False,2026-01-28T13:17:47.557535,"{""dice_roll"": [6, 5, 3], ""doors_count"": 3, ""is_dragon_room"": false, ""level"": 3}"
room_5,6617937376,6617937376_20260127210802,-20,1,2,2,True,False,False,False,False,2026-01-28T13:17:47.557535,"{""dice_roll"": [2, 2, 1], ""doors_count"": 1, ""is_dragon_room"": false, ""level"": 1}"
room_1,6617937376,6617937376_20260127210802,0,0,3,3,True,False,False,False,False,2026-01-28T13:17:48.892888,"{""dice_roll"": [3, 3, 4], ""doors_count"": 4, ""is_dragon_room"": false, ""level"": 2}"
room_2,6617937376,6617937376_20260127210802,-2,-5,6,2,True,False,False,False,False,2026-01-28T13:17:48.892888,"{""dice_roll"": [6, 2, 1], ""doors_count"": 1, ""is_dragon_room"": false, ""level"": 3}"
room_3,6617937376,6617937376_20260127210802,-6,0,3,3,True,False,False,False,False,2026-01-28T13:17:48.892888,"{""dice_roll"": [3, 3, 4], ""doors_count"": 4, ""is_dragon_room"": false, ""level"": 2}"
room_4,6617937376,6617937376_20260127210802,-15,-1,6,5,True,False,False,False,False,2026-01-28T13:17:48.892888,"{""dice_roll"": [6, 5, 3], ""doors_count"": 3, ""is_dragon_room"": false, ""level"": 3}"
room_5,6617937376,6617937376_20260127210802,-20,1,2,2,True,False,False,False,False,2026-01-28T13:17:48.892888,"{""dice_roll"": [2, 2, 1], ""doors_count"": 1, ""is_dragon_room"": false, ""level"": 1}"
room_6,6617937376,6617937376_20260127210802,-16,7,6,5,True,False,False,False,False,2026-01-28T13:17:48.892888,"{""dice_roll"": [6, 5, 1], ""doors_count"": 1, ""is_dragon_room"": false, ""level"": 3}"
room_1,6617937376,6617937376_20260127210802,0,0,3,3,True,False,False,False,False,2026-01-28T13:17:51.207733,"{""dice_roll"": [3, 3, 4], ""doors_count"": 4, ""is_dragon_room"": false, ""level"": 2}"
room_2,6617937376,6617937376_20260127210802,-2,-5,6,2,True,False,False,False,False,2026-01-28T13:17:51.207733,"{""dice_roll"": [6, 2, 1], ""doors_count"": 1, ""is_dragon_room"": false, ""level"": 3}"
room_3,6617937376,6617937376_20260127210802,-6,0,3,3,True,False,False,False,False,2026-01-28T13:17:51.216080,"{""dice_roll"": [3, 3, 4], ""doors_count"": 4, ""is_dragon_room"": false, ""level"": 2}"
room_4,6617937376,6617937376_20260127210802,-15,-1,6,5,True,False,False,False,False,2026-01-28T13:17:51.216080,"{""dice_roll"": [6, 5, 3], ""doors_count"": 3, ""is_dragon_room"": false, ""level"": 3}"
room_5,6617937376,6617937376_20260127210802,-20,1,2,2,True,False,False,False,False,2026-01-28T13:17:51.216080,"{""dice_roll"": [2, 2, 1], ""doors_count"": 1, ""is_dragon_room"": false, ""level"": 1}"
room_6,6617937376,6617937376_20260127210802,-16,7,6,5,True,False,False,False,False,2026-01-28T13:17:51.216080,"{""dice_roll"": [6, 5, 1], ""doors_count"": 1, ""is_dragon_room"": false, ""level"": 3}"
room_1,6617937376,6617937376_20260127210802,0,0,3,3,True,False,False,False,False,2026-01-28T13:17:52.826623,"{""dice_roll"": [3, 3, 4], ""doors_count"": 4, ""is_dragon_room"": false, ""level"": 2}"
room_2,6617937376,6617937376_20260127210802,-2,-5,6,2,True,False,False,False,False,2026-01-28T13:17:52.826623,"{""dice_roll"": [6, 2, 1], ""doors_count"": 1, ""is_dragon_room"": false, ""level"": 3}"
room_3,6617937376,6617937376_20260127210802,-6,0,3,3,True,False,False,False,False,2026-01-28T13:17:52.826623,"{""dice_roll"": [3, 3, 4], ""doors_count"": 4, ""is_dragon_room"": false, ""level"": 2}"
room_4,6617937376,6617937376_20260127210802,-15,-1,6,5,True,False,False,False,False,2026-01-28T13:17:52.826623,"{""dice_roll"": [6, 5, 3], ""doors_count"": 3, ""is_dragon_room"": false, ""level"": 3}"
room_5,6617937376,6617937376_20260127210802,-20,1,2,2,True,False,False,False,False,2026-01-28T13:17:52.826623,"{""dice_roll"": [2, 2, 1], ""doors_count"": 1, ""is_dragon_room"": false, ""level"": 1}"
room_6,6617937376,6617937376_20260127210802,-16,7,6,5,True,False,False,False,False,2026-01-28T13:17:52.832428,"{""dice_roll"": [6, 5, 1], ""doors_count"": 1, ""is_dragon_room"": false, ""level"": 3}"
room_1,6617937376,6617937376_20260127210802,0,0,3,3,True,False,False,False,False,2026-01-28T13:17:53.707694,"{""dice_roll"": [3, 3, 4], ""doors_count"": 4, ""is_dragon_room"": false, ""level"": 2}"
room_2,6617937376,6617937376_20260127210802,-2,-5,6,2,True,False,False,False,False,2026-01-28T13:17:53.707694,"{""dice_roll"": [6, 2, 1], ""doors_count"": 1, ""is_dragon_room"": false, ""level"": 3}"
room_3,6617937376,6617937376_20260127210802,-6,0,3,3,True,False,False,False,False,2026-01-28T13:17:53.707694,"{""dice_roll"": [3, 3, 4], ""doors_count"": 4, ""is_dragon_room"": false, ""level"": 2}"
room_4,6617937376,6617937376_20260127210802,-15,-1,6,5,True,False,False,False,False,2026-01-28T13:17:53.716245,"{""dice_roll"": [6, 5, 3], ""doors_count"": 3, ""is_dragon_room"": false, ""level"": 3}"
room_5,6617937376,6617937376_20260127210802,-20,1,2,2,True,False,False,False,False,2026-01-28T13:17:53.716245,"{""dice_roll"": [2, 2, 1], ""doors_count"": 1, ""is_dragon_room"": false, ""level"": 1}"
room_6,6617937376,6617937376_20260127210802,-16,7,6,5,True,False,False,False,False,2026-01-28T13:17:53.716245,"{""dice_roll"": [6, 5, 1], ""doors_count"": 1, ""is_dragon_room"": false, ""level"": 3}"
room_1,6617937376,6617937376_20260127210802,0,0,3,3,True,False,False,False,False,2026-01-28T13:17:55.199158,"{""dice_roll"": [3, 3, 4], ""doors_count"": 4, ""is_dragon_room"": false, ""level"": 2}"
room_2,6617937376,6617937376_20260127210802,-2,-5,6,2,True,False,False,False,False,2026-01-28T13:17:55.199158,"{""dice_roll"": [6, 2, 1], ""doors_count"": 1, ""is_dragon_room"": false, ""level"": 3}"
room_3,6617937376,6617937376_20260127210802,-6,0,3,3,True,False,False,False,False,2026-01-28T13:17:55.199158,"{""dice_roll"": [3, 3, 4], ""doors_count"": 4, ""is_dragon_room"": false, ""level"": 2}"
room_4,6617937376,6617937376_20260127210802,-15,-1,6,5,True,False,False,False,False,2026-01-28T13:17:55.199158,"{""dice_roll"": [6, 5, 3], ""doors_count"": 3, ""is_dragon_room"": false, ""level"": 3}"
room_5,6617937376,6617937376_20260127210802,-20,1,2,2,True,False,False,False,False,2026-01-28T13:17:55.199158,"{""dice_roll"": [2, 2, 1], ""doors_count"": 1, ""is_dragon_room"": false, ""level"": 1}"
room_6,6617937376,6617937376_20260127210802,-16,7,6,5,True,False,False,False,False,2026-01-28T13:17:55.207137,"{""dice_roll"": [6, 5, 1], ""doors_count"": 1, ""is_dragon_room"": false, ""level"": 3}"
room_1,6617937376,6617937376_20260127210802,0,0,3,3,True,False,False,False,False,2026-01-28T13:17:56.479579,"{""dice_roll"": [3, 3, 4], ""doors_count"": 4, ""is_dragon_room"": false, ""level"": 2}"
room_2,6617937376,6617937376_20260127210802,-2,-5,6,2,True,False,False,False,False,2026-01-28T13:17:56.479579,"{""dice_roll"": [6, 2, 1], ""doors_count"": 1, ""is_dragon_room"": false, ""level"": 3}"
room_3,6617937376,6617937376_20260127210802,-6,0,3,3,True,False,False,False,False,2026-01-28T13:17:56.479579,"{""dice_roll"": [3, 3, 4], ""doors_count"": 4, ""is_dragon_room"": false, ""level"": 2}"
room_4,6617937376,6617937376_20260127210802,-15,-1,6,5,True,False,False,False,False,2026-01-28T13:17:56.479579,"{""dice_roll"": [6, 5, 3], ""doors_count"": 3, ""is_dragon_room"": false, ""level"": 3}"
room_5,6617937376,6617937376_20260127210802,-20,1,2,2,True,False,False,False,False,2026-01-28T13:17:56.480614,"{""dice_roll"": [2, 2, 1], ""doors_count"": 1, ""is_dragon_room"": false, ""level"": 1}"
room_6,6617937376,6617937376_20260127210802,-16,7,6,5,True,False,False,False,False,2026-01-28T13:17:56.480614,"{""dice_roll"": [6, 5, 1], ""doors_count"": 1, ""is_dragon_room"": false, ""level"": 3}"
room_1,6617937376,6617937376_20260127210802,0,0,3,3,True,False,False,False,False,2026-01-28T13:17:58.257469,"{""dice_roll"": [3, 3, 4], ""doors_count"": 4, ""is_dragon_room"": false, ""level"": 2}"
room_2,6617937376,6617937376_20260127210802,-2,-5,6,2,True,False,False,False,False,2026-01-28T13:17:58.257469,"{""dice_roll"": [6, 2, 1], ""doors_count"": 1, ""is_dragon_room"": false, ""level"": 3}"
room_3,6617937376,6617937376_20260127210802,-6,0,3,3,True,False,False,False,False,2026-01-28T13:17:58.257469,"{""dice_roll"": [3, 3, 4], ""doors_count"": 4, ""is_dragon_room"": false, ""level"": 2}"
room_4,6617937376,6617937376_20260127210802,-15,-1,6,5,True,False,False,False,False,2026-01-28T13:17:58.257469,"{""dice_roll"": [6, 5, 3], ""doors_count"": 3, ""is_dragon_room"": false, ""level"": 3}"
room_5,6617937376,6617937376_20260127210802,-20,1,2,2,True,False,False,False,False,2026-01-28T13:17:58.257469,"{""dice_roll"": [2, 2, 1], ""doors_count"": 1, ""is_dragon_room"": false, ""level"": 1}"
room_6,6617937376,6617937376_20260127210802,-16,7,6,5,True,False,False,False,False,2026-01-28T13:17:58.257469,"{""dice_roll"": [6, 5, 1], ""doors_count"": 1, ""is_dragon_room"": false, ""level"": 3}"
room_1,6617937376,6617937376_20260127210802,0,0,3,3,True,False,False,False,False,2026-01-28T13:17:58.974062,"{""dice_roll"": [3, 3, 4], ""doors_count"": 4, ""is_dragon_room"": false, ""level"": 2}"
room_2,6617937376,6617937376_20260127210802,-2,-5,6,2,True,False,False,False,False,2026-01-28T13:17:58.974062,"{""dice_roll"": [6, 2, 1], ""doors_count"": 1, ""is_dragon_room"": false, ""level"": 3}"
room_3,6617937376,6617937376_20260127210802,-6,0,3,3,True,False,False,False,False,2026-01-28T13:17:58.974062,"{""dice_roll"": [3, 3, 4], ""doors_count"": 4, ""is_dragon_room"": false, ""level"": 2}"
room_4,6617937376,6617937376_20260127210802,-15,-1,6,5,True,False,False,False,False,2026-01-28T13:17:58.982106,"{""dice_roll"": [6, 5, 3], ""doors_count"": 3, ""is_dragon_room"": false, ""level"": 3}"
room_5,6617937376,6617937376_20260127210802,-20,1,2,2,True,False,False,False,False,2026-01-28T13:17:58.982462,"{""dice_roll"": [2, 2, 1], ""doors_count"": 1, ""is_dragon_room"": false, ""level"": 1}"
room_6,6617937376,6617937376_20260127210802,-16,7,6,5,True,False,False,False,False,2026-01-28T13:17:58.982462,"{""dice_roll"": [6, 5, 1], ""doors_count"": 1, ""is_dragon_room"": false, ""level"": 3}"
room_1,6617937376,6617937376_20260127210802,0,0,3,3,True,False,False,False,False,2026-01-28T13:18:00.399322,"{""dice_roll"": [3, 3, 4], ""doors_count"": 4, ""is_dragon_room"": false, ""level"": 2}"
room_2,6617937376,6617937376_20260127210802,-2,-5,6,2,True,False,False,False,False,2026-01-28T13:18:00.399322,"{""dice_roll"": [6, 2, 1], ""doors_count"": 1, ""is_dragon_room"": false, ""level"": 3}"
room_3,6617937376,6617937376_20260127210802,-6,0,3,3,True,False,False,False,False,2026-01-28T13:18:00.399322,"{""dice_roll"": [3, 3, 4], ""doors_count"": 4, ""is_dragon_room"": false, ""level"": 2}"
room_4,6617937376,6617937376_20260127210802,-15,-1,6,5,True,False,False,False,False,2026-01-28T13:18:00.399322,"{""dice_roll"": [6, 5, 3], ""doors_count"": 3, ""is_dragon_room"": false, ""level"": 3}"
room_5,6617937376,6617937376_20260127210802,-20,1,2,2,True,False,False,False,False,2026-01-28T13:18:00.399322,"{""dice_roll"": [2, 2, 1], ""doors_count"": 1, ""is_dragon_room"": false, ""level"": 1}"
room_6,6617937376,6617937376_20260127210802,-16,7,6,5,True,False,False,False,False,2026-01-28T13:18:00.399322,"{""dice_roll"": [6, 5, 1], ""doors_count"": 1, ""is_dragon_room"": false, ""level"": 3}"
room_1,6617937376,6617937376_20260127210802,0,0,3,3,True,False,False,False,False,2026-01-28T13:18:01.649122,"{""dice_roll"": [3, 3, 4], ""doors_count"": 4, ""is_dragon_room"": false, ""level"": 2}"
room_2,6617937376,6617937376_20260127210802,-2,-5,6,2,True,False,False,False,False,2026-01-28T13:18:01.649122,"{""dice_roll"": [6, 2, 1], ""doors_count"": 1, ""is_dragon_room"": false, ""level"": 3}"
room_3,6617937376,6617937376_20260127210802,-6,0,3,3,True,False,False,False,False,2026-01-28T13:18:01.657602,"{""dice_roll"": [3, 3, 4], ""doors_count"": 4, ""is_dragon_room"": false, ""level"": 2}"
room_4,6617937376,6617937376_20260127210802,-15,-1,6,5,True,False,False,False,False,2026-01-28T13:18:01.657602,"{""dice_roll"": [6, 5, 3], ""doors_count"": 3, ""is_dragon_room"": false, ""level"": 3}"
room_5,6617937376,6617937376_20260127210802,-20,1,2,2,True,False,False,False,False,2026-01-28T13:18:01.657602,"{""dice_roll"": [2, 2, 1], ""doors_count"": 1, ""is_dragon_room"": false, ""level"": 1}"
room_6,6617937376,6617937376_20260127210802,-16,7,6,5,True,False,False,False,False,2026-01-28T13:18:01.657602,"{""dice_roll"": [6, 5, 1], ""doors_count"": 1, ""is_dragon_room"": false, ""level"": 3}"
room_1,6617937376,6617937376_20260127210802,0,0,3,3,True,False,False,False,False,2026-01-28T13:18:03.215847,"{""dice_roll"": [3, 3, 4], ""doors_count"": 4, ""is_dragon_room"": false, ""level"": 2}"
room_2,6617937376,6617937376_20260127210802,-2,-5,6,2,True,False,False,False,False,2026-01-28T13:18:03.224269,"{""dice_roll"": [6, 2, 1], ""doors_count"": 1, ""is_dragon_room"": false, ""level"": 3}"
room_3,6617937376,6617937376_20260127210802,-6,0,3,3,True,False,False,False,False,2026-01-28T13:18:03.224269,"{""dice_roll"": [3, 3, 4], ""doors_count"": 4, ""is_dragon_room"": false, ""level"": 2}"
room_4,6617937376,6617937376_20260127210802,-15,-1,6,5,True,False,False,False,False,2026-01-28T13:18:03.224269,"{""dice_roll"": [6, 5, 3], ""doors_count"": 3, ""is_dragon_room"": false, ""level"": 3}"
room_5,6617937376,6617937376_20260127210802,-20,1,2,2,True,False,False,False,False,2026-01-28T13:18:03.224269,"{""dice_roll"": [2, 2, 1], ""doors_count"": 1, ""is_dragon_room"": false, ""level"": 1}"
room_6,6617937376,6617937376_20260127210802,-16,7,6,5,True,False,False,False,False,2026-01-28T13:18:03.224269,"{""dice_roll"": [6, 5, 1], ""doors_count"": 1, ""is_dragon_room"": false, ""level"": 3}"
room_1,6617937376,6617937376_20260127210802,0,0,3,3,True,False,False,False,False,2026-01-28T13:18:04.991044,"{""dice_roll"": [3, 3, 4], ""doors_count"": 4, ""is_dragon_room"": false, ""level"": 2}"
room_2,6617937376,6617937376_20260127210802,-2,-5,6,2,True,False,False,False,False,2026-01-28T13:18:04.993056,"{""dice_roll"": [6, 2, 1], ""doors_count"": 1, ""is_dragon_room"": false, ""level"": 3}"
room_3,6617937376,6617937376_20260127210802,-6,0,3,3,True,False,False,False,False,2026-01-28T13:18:04.993056,"{""dice_roll"": [3, 3, 4], ""doors_count"": 4, ""is_dragon_room"": false, ""level"": 2}"
room_4,6617937376,6617937376_20260127210802,-15,-1,6,5,True,False,False,False,False,2026-01-28T13:18:04.993056,"{""dice_roll"": [6, 5, 3], ""doors_count"": 3, ""is_dragon_room"": false, ""level"": 3}"
room_5,6617937376,6617937376_20260127210802,-20,1,2,2,True,False,False,False,False,2026-01-28T13:18:04.993056,"{""dice_roll"": [2, 2, 1], ""doors_count"": 1, ""is_dragon_room"": false, ""level"": 1}"
room_6,6617937376,6617937376_20260127210802,-16,7,6,5,True,False,False,False,False,2026-01-28T13:18:04.993056,"{""dice_roll"": [6, 5, 1], ""doors_count"": 1, ""is_dragon_room"": false, ""level"": 3}"
room_1,6617937376,6617937376_20260127210802,0,0,3,3,True,False,False,False,False,2026-01-28T13:18:08.574110,"{""dice_roll"": [3, 3, 4], ""doors_count"": 4, ""is_dragon_room"": false, ""level"": 2}"
room_2,6617937376,6617937376_20260127210802,-2,-5,6,2,True,False,False,False,False,2026-01-28T13:18:08.574110,"{""dice_roll"": [6, 2, 1], ""doors_count"": 1, ""is_dragon_room"": false, ""level"": 3}"
room_3,6617937376,6617937376_20260127210802,-6,0,3,3,True,False,False,False,False,2026-01-28T13:18:08.574110,"{""dice_roll"": [3, 3, 4], ""doors_count"": 4, ""is_dragon_room"": false, ""level"": 2}"
room_4,6617937376,6617937376_20260127210802,-15,-1,6,5,True,False,False,False,False,2026-01-28T13:18:08.575120,"{""dice_roll"": [6, 5, 3], ""doors_count"": 3, ""is_dragon_room"": false, ""level"": 3}"
room_5,6617937376,6617937376_20260127210802,-20,1,2,2,True,False,False,False,False,2026-01-28T13:18:08.575120,"{""dice_roll"": [2, 2, 1], ""doors_count"": 1, ""is_dragon_room"": false, ""level"": 1}"
room_6,6617937376,6617937376_20260127210802,-16,7,6,5,True,False,False,False,False,2026-01-28T13:18:08.577809,"{""dice_roll"": [6, 5, 1], ""doors_count"": 1, ""is_dragon_room"": false, ""level"": 3}"
room_1,6617937376,6617937376_20260127210802,0,0,3,3,True,False,False,False,False,2026-01-28T13:18:11.132615,"{""dice_roll"": [3, 3, 4], ""doors_count"": 4, ""is_dragon_room"": false, ""level"": 2}"
room_2,6617937376,6617937376_20260127210802,-2,-5,6,2,True,False,False,False,False,2026-01-28T13:18:11.132615,"{""dice_roll"": [6, 2, 1], ""doors_count"": 1, ""is_dragon_room"": false, ""level"": 3}"
room_3,6617937376,6617937376_20260127210802,-6,0,3,3,True,False,False,False,False,2026-01-28T13:18:11.132615,"{""dice_roll"": [3, 3, 4], ""doors_count"": 4, ""is_dragon_room"": false, ""level"": 2}"
room_4,6617937376,6617937376_20260127210802,-15,-1,6,5,True,False,False,False,False,2026-01-28T13:18:11.132615,"{""dice_roll"": [6, 5, 3], ""doors_count"": 3, ""is_dragon_room"": false, ""level"": 3}"
room_5,6617937376,6617937376_20260127210802,-20,1,2,2,True,False,False,False,False,2026-01-28T13:18:11.132615,"{""dice_roll"": [2, 2, 1], ""doors_count"": 1, ""is_dragon_room"": false, ""level"": 1}"
room_6,6617937376,6617937376_20260127210802,-16,7,6,5,True,False,False,False,False,2026-01-28T13:18:11.140412,"{""dice_roll"": [6, 5, 1], ""doors_count"": 1, ""is_dragon_room"": false, ""level"": 3}"
room_7,6617937376,6617937376_20260127210802,-8,-9,6,6,True,True,True,False,True,2026-01-28T13:18:11.141012,"{""dice_roll"": [6, 6, 3], ""doors_count"": 3, ""is_dragon_room"": true, ""level"": 4}"
room_1,6617937376,6617937376_20260127210802,0,0,3,3,True,False,False,False,False,2026-01-28T13:18:17.916346,"{""dice_roll"": [3, 3, 4], ""doors_count"": 4, ""is_dragon_room"": false, ""level"": 2}"
room_2,6617937376,6617937376_20260127210802,-2,-5,6,2,True,False,False,False,False,2026-01-28T13:18:17.916346,"{""dice_roll"": [6, 2, 1], ""doors_count"": 1, ""is_dragon_room"": false, ""level"": 3}"
room_3,6617937376,6617937376_20260127210802,-6,0,3,3,True,False,False,False,False,2026-01-28T13:18:17.923746,"{""dice_roll"": [3, 3, 4], ""doors_count"": 4, ""is_dragon_room"": false, ""level"": 2}"
room_4,6617937376,6617937376_20260127210802,-15,-1,6,5,True,False,False,False,False,2026-01-28T13:18:17.923746,"{""dice_roll"": [6, 5, 3], ""doors_count"": 3, ""is_dragon_room"": false, ""level"": 3}"
room_5,6617937376,6617937376_20260127210802,-20,1,2,2,True,False,False,False,False,2026-01-28T13:18:17.924872,"{""dice_roll"": [2, 2, 1], ""doors_count"": 1, ""is_dragon_room"": false, ""level"": 1}"
room_6,6617937376,6617937376_20260127210802,-16,7,6,5,True,False,False,False,False,2026-01-28T13:18:17.924872,"{""dice_roll"": [6, 5, 1], ""doors_count"": 1, ""is_dragon_room"": false, ""level"": 3}"
room_7,6617937376,6617937376_20260127210802,-8,-9,6,6,True,False,True,False,True,2026-01-28T13:18:17.925249,"{""dice_roll"": [6, 6, 3], ""doors_count"": 3, ""is_dragon_room"": true, ""level"": 4}"
room_1,6617937376,6617937376_20260127210802,0,0,3,3,True,False,False,False,False,2026-01-28T13:18:29.257518,"{""dice_roll"": [3, 3, 4], ""doors_count"": 4, ""is_dragon_room"": false, ""level"": 2}"
room_2,6617937376,6617937376_20260127210802,-2,-5,6,2,True,False,False,False,False,2026-01-28T13:18:29.257518,"{""dice_roll"": [6, 2, 1], ""doors_count"": 1, ""is_dragon_room"": false, ""level"": 3}"
room_3,6617937376,6617937376_20260127210802,-6,0,3,3,True,False,False,False,False,2026-01-28T13:18:29.257518,"{""dice_roll"": [3, 3, 4], ""doors_count"": 4, ""is_dragon_room"": false, ""level"": 2}"
room_4,6617937376,6617937376_20260127210802,-15,-1,6,5,True,False,False,False,False,2026-01-28T13:18:29.257518,"{""dice_roll"": [6, 5, 3], ""doors_count"": 3, ""is_dragon_room"": false, ""level"": 3}"
room_5,6617937376,6617937376_20260127210802,-20,1,2,2,True,False,False,False,False,2026-01-28T13:18:29.257518,"{""dice_roll"": [2, 2, 1], ""doors_count"": 1, ""is_dragon_room"": false, ""level"": 1}"
room_6,6617937376,6617937376_20260127210802,-16,7,6,5,True,False,False,False,False,2026-01-28T13:18:29.257518,"{""dice_roll"": [6, 5, 1], ""doors_count"": 1, ""is_dragon_room"": false, ""level"": 3}"
room_7,6617937376,6617937376_20260127210802,-8,-9,6,6,True,False,True,False,True,2026-01-28T13:18:29.257518,"{""dice_roll"": [6, 6, 3], ""doors_count"": 3, ""is_dragon_room"": true, ""level"": 4}"
